,Sun,Mon,Tue,Wed,Thu,Fri,Sat
count,3.0,3.0,3.0,3.0,3.0,3.0,3.0
mean,29.0,37.666666666666664,40.666666666666664,46.0,46.666666666666664,48.0,31.666666666666668
std,17.69180601295413,17.47378989610821,16.041612554021288,29.816103031751148,14.189197769195175,18.193405398660254,10.503967504392488
min,10.0,23.0,24.0,21.0,34.0,27.0,21.0
25%,21.0,28.0,33.0,29.5,39.0,42.5,26.5
50%,32.0,33.0,42.0,38.0,44.0,58.0,32.0
75%,38.5,45.0,49.0,58.5,53.0,58.5,37.0
max,45.0,57.0,56.0,79.0,62.0,59.0,42.0
